--------------------------------------------------------
--  File created - miércoles-octubre-29-2025   
--------------------------------------------------------
--------------------------------------------------------
--  DDL for Table COLONIA
--------------------------------------------------------

  CREATE TABLE "JREYNAPROGRAMACIONNCAPAS"."COLONIA" 
   (	"IDCOLONIA" NUMBER GENERATED ALWAYS AS IDENTITY MINVALUE 1 MAXVALUE 9999999999999999999999999999 INCREMENT BY 1 START WITH 1 CACHE 20 NOORDER  NOCYCLE  NOKEEP  NOSCALE , 
	"NOMBRE" VARCHAR2(50 BYTE), 
	"CODIGOPOSTAL" VARCHAR2(50 BYTE), 
	"IDMUNICIPIO" NUMBER
   ) SEGMENT CREATION IMMEDIATE 
  PCTFREE 10 PCTUSED 40 INITRANS 1 MAXTRANS 255 
 NOCOMPRESS LOGGING
  STORAGE(INITIAL 65536 NEXT 1048576 MINEXTENTS 1 MAXEXTENTS 2147483645
  PCTINCREASE 0 FREELISTS 1 FREELIST GROUPS 1
  BUFFER_POOL DEFAULT FLASH_CACHE DEFAULT CELL_FLASH_CACHE DEFAULT)
  TABLESPACE "USERS" ;
--------------------------------------------------------
--  DDL for Table DIRECCION
--------------------------------------------------------

  CREATE TABLE "JREYNAPROGRAMACIONNCAPAS"."DIRECCION" 
   (	"IDDIRECCION" NUMBER GENERATED ALWAYS AS IDENTITY MINVALUE 1 MAXVALUE 9999999999999999999999999999 INCREMENT BY 1 START WITH 1 CACHE 20 NOORDER  NOCYCLE  NOKEEP  NOSCALE , 
	"CALLE" VARCHAR2(50 BYTE), 
	"NUMEROINTERIOR" VARCHAR2(20 BYTE), 
	"NUMEROEXTERIOR" VARCHAR2(20 BYTE), 
	"IDCOLONIA" NUMBER, 
	"IDUSUARIO" NUMBER
   ) SEGMENT CREATION IMMEDIATE 
  PCTFREE 10 PCTUSED 40 INITRANS 1 MAXTRANS 255 
 NOCOMPRESS LOGGING
  STORAGE(INITIAL 65536 NEXT 1048576 MINEXTENTS 1 MAXEXTENTS 2147483645
  PCTINCREASE 0 FREELISTS 1 FREELIST GROUPS 1
  BUFFER_POOL DEFAULT FLASH_CACHE DEFAULT CELL_FLASH_CACHE DEFAULT)
  TABLESPACE "USERS" ;
--------------------------------------------------------
--  DDL for Table ESTADO
--------------------------------------------------------

  CREATE TABLE "JREYNAPROGRAMACIONNCAPAS"."ESTADO" 
   (	"IDESTADO" NUMBER GENERATED ALWAYS AS IDENTITY MINVALUE 1 MAXVALUE 9999999999999999999999999999 INCREMENT BY 1 START WITH 1 CACHE 20 NOORDER  NOCYCLE  NOKEEP  NOSCALE , 
	"NOMBRE" VARCHAR2(50 BYTE), 
	"IDPAIS" NUMBER
   ) SEGMENT CREATION IMMEDIATE 
  PCTFREE 10 PCTUSED 40 INITRANS 1 MAXTRANS 255 
 NOCOMPRESS LOGGING
  STORAGE(INITIAL 65536 NEXT 1048576 MINEXTENTS 1 MAXEXTENTS 2147483645
  PCTINCREASE 0 FREELISTS 1 FREELIST GROUPS 1
  BUFFER_POOL DEFAULT FLASH_CACHE DEFAULT CELL_FLASH_CACHE DEFAULT)
  TABLESPACE "USERS" ;
--------------------------------------------------------
--  DDL for Table MUNICIPIO
--------------------------------------------------------

  CREATE TABLE "JREYNAPROGRAMACIONNCAPAS"."MUNICIPIO" 
   (	"IDMUNICIPIO" NUMBER GENERATED ALWAYS AS IDENTITY MINVALUE 1 MAXVALUE 9999999999999999999999999999 INCREMENT BY 1 START WITH 1 CACHE 20 NOORDER  NOCYCLE  NOKEEP  NOSCALE , 
	"NOMBRE" VARCHAR2(50 BYTE), 
	"IDESTADO" NUMBER
   ) SEGMENT CREATION IMMEDIATE 
  PCTFREE 10 PCTUSED 40 INITRANS 1 MAXTRANS 255 
 NOCOMPRESS LOGGING
  STORAGE(INITIAL 65536 NEXT 1048576 MINEXTENTS 1 MAXEXTENTS 2147483645
  PCTINCREASE 0 FREELISTS 1 FREELIST GROUPS 1
  BUFFER_POOL DEFAULT FLASH_CACHE DEFAULT CELL_FLASH_CACHE DEFAULT)
  TABLESPACE "USERS" ;
--------------------------------------------------------
--  DDL for Table PAIS
--------------------------------------------------------

  CREATE TABLE "JREYNAPROGRAMACIONNCAPAS"."PAIS" 
   (	"IDPAIS" NUMBER GENERATED ALWAYS AS IDENTITY MINVALUE 1 MAXVALUE 9999999999999999999999999999 INCREMENT BY 1 START WITH 1 CACHE 20 NOORDER  NOCYCLE  NOKEEP  NOSCALE , 
	"NOMBRE" VARCHAR2(50 BYTE)
   ) SEGMENT CREATION IMMEDIATE 
  PCTFREE 10 PCTUSED 40 INITRANS 1 MAXTRANS 255 
 NOCOMPRESS LOGGING
  STORAGE(INITIAL 65536 NEXT 1048576 MINEXTENTS 1 MAXEXTENTS 2147483645
  PCTINCREASE 0 FREELISTS 1 FREELIST GROUPS 1
  BUFFER_POOL DEFAULT FLASH_CACHE DEFAULT CELL_FLASH_CACHE DEFAULT)
  TABLESPACE "USERS" ;
--------------------------------------------------------
--  DDL for Table ROL
--------------------------------------------------------

  CREATE TABLE "JREYNAPROGRAMACIONNCAPAS"."ROL" 
   (	"IDROL" NUMBER GENERATED ALWAYS AS IDENTITY MINVALUE 1 MAXVALUE 9999999999999999999999999999 INCREMENT BY 1 START WITH 1 CACHE 20 NOORDER  NOCYCLE  NOKEEP  NOSCALE , 
	"NOMBRE" VARCHAR2(50 BYTE)
   ) SEGMENT CREATION IMMEDIATE 
  PCTFREE 10 PCTUSED 40 INITRANS 1 MAXTRANS 255 
 NOCOMPRESS LOGGING
  STORAGE(INITIAL 65536 NEXT 1048576 MINEXTENTS 1 MAXEXTENTS 2147483645
  PCTINCREASE 0 FREELISTS 1 FREELIST GROUPS 1
  BUFFER_POOL DEFAULT FLASH_CACHE DEFAULT CELL_FLASH_CACHE DEFAULT)
  TABLESPACE "USERS" ;
--------------------------------------------------------
--  DDL for Table TOKEN
--------------------------------------------------------

  CREATE TABLE "JREYNAPROGRAMACIONNCAPAS"."TOKEN" 
   (	"IDTOKEN" NUMBER GENERATED ALWAYS AS IDENTITY MINVALUE 1 MAXVALUE 9999999999999999999999999999 INCREMENT BY 1 START WITH 1 CACHE 20 NOORDER  NOCYCLE  NOKEEP  NOSCALE , 
	"TOKEN" VARCHAR2(500 BYTE), 
	"IDUSER" NUMBER, 
	"EXPDATETIME" TIMESTAMP (6)
   ) SEGMENT CREATION IMMEDIATE 
  PCTFREE 10 PCTUSED 40 INITRANS 1 MAXTRANS 255 
 NOCOMPRESS LOGGING
  STORAGE(INITIAL 65536 NEXT 1048576 MINEXTENTS 1 MAXEXTENTS 2147483645
  PCTINCREASE 0 FREELISTS 1 FREELIST GROUPS 1
  BUFFER_POOL DEFAULT FLASH_CACHE DEFAULT CELL_FLASH_CACHE DEFAULT)
  TABLESPACE "USERS" ;
--------------------------------------------------------
--  DDL for Table USUARIOS
--------------------------------------------------------

  CREATE TABLE "JREYNAPROGRAMACIONNCAPAS"."USUARIOS" 
   (	"IDUSER" NUMBER GENERATED ALWAYS AS IDENTITY MINVALUE 1 MAXVALUE 9999999999999999999999999999 INCREMENT BY 1 START WITH 1 CACHE 20 NOORDER  NOCYCLE  NOKEEP  NOSCALE , 
	"NOMBRE" VARCHAR2(20 BYTE), 
	"APELLIDOPATERNO" VARCHAR2(50 BYTE), 
	"FECHANACIMIENTO" DATE, 
	"PASSWORD" VARCHAR2(500 BYTE), 
	"SEXO" CHAR(2 BYTE), 
	"USERNAME" VARCHAR2(30 BYTE), 
	"APELLIDOMATERNO" VARCHAR2(30 BYTE), 
	"EMAIL" VARCHAR2(254 BYTE), 
	"TELEFONO" VARCHAR2(20 BYTE), 
	"CELULAR" VARCHAR2(20 BYTE), 
	"CURP" VARCHAR2(50 BYTE), 
	"IDROL" NUMBER, 
	"IMG" CLOB, 
	"ESTATUS" NUMBER(1,0) DEFAULT 0, 
	"VERIFY" NUMBER(1,0) DEFAULT 0
   ) SEGMENT CREATION IMMEDIATE 
  PCTFREE 10 PCTUSED 40 INITRANS 1 MAXTRANS 255 
 NOCOMPRESS LOGGING
  STORAGE(INITIAL 65536 NEXT 1048576 MINEXTENTS 1 MAXEXTENTS 2147483645
  PCTINCREASE 0 FREELISTS 1 FREELIST GROUPS 1
  BUFFER_POOL DEFAULT FLASH_CACHE DEFAULT CELL_FLASH_CACHE DEFAULT)
  TABLESPACE "USERS" 
 LOB ("IMG") STORE AS SECUREFILE (
  TABLESPACE "USERS" ENABLE STORAGE IN ROW CHUNK 8192
  NOCACHE LOGGING  NOCOMPRESS  KEEP_DUPLICATES 
  STORAGE(INITIAL 106496 NEXT 1048576 MINEXTENTS 1 MAXEXTENTS 2147483645
  PCTINCREASE 0
  BUFFER_POOL DEFAULT FLASH_CACHE DEFAULT CELL_FLASH_CACHE DEFAULT)) ;
--------------------------------------------------------
--  DDL for Table VERIFYTOKEN
--------------------------------------------------------

  CREATE TABLE "JREYNAPROGRAMACIONNCAPAS"."VERIFYTOKEN" 
   (	"IDVERIFY" NUMBER(*,0) GENERATED ALWAYS AS IDENTITY MINVALUE 1 MAXVALUE 9999999999999999999999999999 INCREMENT BY 1 START WITH 1 CACHE 20 NOORDER  NOCYCLE  NOKEEP  NOSCALE , 
	"TOKEN" VARCHAR2(300 BYTE), 
	"IDUSER" NUMBER(*,0), 
	"EXPDATE" TIMESTAMP (6)
   ) SEGMENT CREATION IMMEDIATE 
  PCTFREE 10 PCTUSED 40 INITRANS 1 MAXTRANS 255 
 NOCOMPRESS LOGGING
  STORAGE(INITIAL 65536 NEXT 1048576 MINEXTENTS 1 MAXEXTENTS 2147483645
  PCTINCREASE 0 FREELISTS 1 FREELIST GROUPS 1
  BUFFER_POOL DEFAULT FLASH_CACHE DEFAULT CELL_FLASH_CACHE DEFAULT)
  TABLESPACE "USERS" ;
REM INSERTING into JREYNAPROGRAMACIONNCAPAS.COLONIA
SET DEFINE OFF;
Insert into JREYNAPROGRAMACIONNCAPAS.COLONIA (IDCOLONIA,NOMBRE,CODIGOPOSTAL,IDMUNICIPIO) values (1,'SEDUE','34166',1);
Insert into JREYNAPROGRAMACIONNCAPAS.COLONIA (IDCOLONIA,NOMBRE,CODIGOPOSTAL,IDMUNICIPIO) values (2,'SANTA TERERESA','35808',2);
REM INSERTING into JREYNAPROGRAMACIONNCAPAS.DIRECCION
SET DEFINE OFF;
Insert into JREYNAPROGRAMACIONNCAPAS.DIRECCION (IDDIRECCION,CALLE,NUMEROINTERIOR,NUMEROEXTERIOR,IDCOLONIA,IDUSUARIO) values (382,'Calle 21','203','124',1,421);
Insert into JREYNAPROGRAMACIONNCAPAS.DIRECCION (IDDIRECCION,CALLE,NUMEROINTERIOR,NUMEROEXTERIOR,IDCOLONIA,IDUSUARIO) values (373,'MADROÑO','138','138',1,407);
Insert into JREYNAPROGRAMACIONNCAPAS.DIRECCION (IDDIRECCION,CALLE,NUMEROINTERIOR,NUMEROEXTERIOR,IDCOLONIA,IDUSUARIO) values (374,'REFORMA','123','123',1,410);
REM INSERTING into JREYNAPROGRAMACIONNCAPAS.ESTADO
SET DEFINE OFF;
Insert into JREYNAPROGRAMACIONNCAPAS.ESTADO (IDESTADO,NOMBRE,IDPAIS) values (5,'Durango',3);
Insert into JREYNAPROGRAMACIONNCAPAS.ESTADO (IDESTADO,NOMBRE,IDPAIS) values (6,'Nuevo Leon',3);
REM INSERTING into JREYNAPROGRAMACIONNCAPAS.MUNICIPIO
SET DEFINE OFF;
Insert into JREYNAPROGRAMACIONNCAPAS.MUNICIPIO (IDMUNICIPIO,NOMBRE,IDESTADO) values (1,'Victoria de Durango',5);
Insert into JREYNAPROGRAMACIONNCAPAS.MUNICIPIO (IDMUNICIPIO,NOMBRE,IDESTADO) values (2,'Cuencame de Ceniceros',5);
REM INSERTING into JREYNAPROGRAMACIONNCAPAS.PAIS
SET DEFINE OFF;
Insert into JREYNAPROGRAMACIONNCAPAS.PAIS (IDPAIS,NOMBRE) values (3,'México');
Insert into JREYNAPROGRAMACIONNCAPAS.PAIS (IDPAIS,NOMBRE) values (4,'Irlanda');
REM INSERTING into JREYNAPROGRAMACIONNCAPAS.ROL
SET DEFINE OFF;
Insert into JREYNAPROGRAMACIONNCAPAS.ROL (IDROL,NOMBRE) values (1,'ADMIN');
Insert into JREYNAPROGRAMACIONNCAPAS.ROL (IDROL,NOMBRE) values (2,'USER');
REM INSERTING into JREYNAPROGRAMACIONNCAPAS.TOKEN
SET DEFINE OFF;
Insert into JREYNAPROGRAMACIONNCAPAS.TOKEN (IDTOKEN,TOKEN,IDUSER,EXPDATETIME) values (26,'1PlDj6sMt62e0CeBhyhOMjqm1UZyHi94',407,to_timestamp('28-OCT-25 04.00.48.712488000 PM','DD-MON-RR HH.MI.SSXFF AM'));
Insert into JREYNAPROGRAMACIONNCAPAS.TOKEN (IDTOKEN,TOKEN,IDUSER,EXPDATETIME) values (34,'qSOBmvmbIdbl16grqWNLXwJ9UAI085hW',47,to_timestamp('28-OCT-25 06.42.29.281807000 PM','DD-MON-RR HH.MI.SSXFF AM'));
REM INSERTING into JREYNAPROGRAMACIONNCAPAS.USUARIOS
SET DEFINE OFF;
Insert into JREYNAPROGRAMACIONNCAPAS.USUARIOS (IDUSER,NOMBRE,APELLIDOPATERNO,FECHANACIMIENTO,PASSWORD,SEXO,USERNAME,APELLIDOMATERNO,EMAIL,TELEFONO,CELULAR,CURP,IDROL,ESTATUS,VERIFY) values (47,'Samuel','Reyna',to_date('08-AUG-05','DD-MON-RR'),'$2a$10$aAusB3At5Xil6jERycqMJOopwHqxkj0ZzIK98YXZ8R9WkIdxW8dmu','M ','SReynaAdmin','Gonzlaez','samuel.reyna434@gmail.com','1234',null,'SARE',1,1,1);
Insert into JREYNAPROGRAMACIONNCAPAS.USUARIOS (IDUSER,NOMBRE,APELLIDOPATERNO,FECHANACIMIENTO,PASSWORD,SEXO,USERNAME,APELLIDOMATERNO,EMAIL,TELEFONO,CELULAR,CURP,IDROL,ESTATUS,VERIFY) values (421,'Samuel','Reyna',to_date('10-AUG-03','DD-MON-RR'),null,'M ','SamuelRG03062005','González','SamuelRG03062005@example.com','6183100616','6183100616','SamuelRG03062005',1,1,1);
Insert into JREYNAPROGRAMACIONNCAPAS.USUARIOS (IDUSER,NOMBRE,APELLIDOPATERNO,FECHANACIMIENTO,PASSWORD,SEXO,USERNAME,APELLIDOMATERNO,EMAIL,TELEFONO,CELULAR,CURP,IDROL,ESTATUS,VERIFY) values (407,'Jose Samuel','ReynaG',to_date('23-OCT-25','DD-MON-RR'),'$2a$10$EzDMMF9n6bmkFtFryiEIveDFgRxqcSV4f6CcFwy6GOgpRDlUnrH4m','M ','SReynaUser','Gonzalez','samuel.reyna.56@hotmail.com','(618)310006-0060','(618)310006-0060','REGS0308HDGYNMA2',2,1,0);
Insert into JREYNAPROGRAMACIONNCAPAS.USUARIOS (IDUSER,NOMBRE,APELLIDOPATERNO,FECHANACIMIENTO,PASSWORD,SEXO,USERNAME,APELLIDOMATERNO,EMAIL,TELEFONO,CELULAR,CURP,IDROL,ESTATUS,VERIFY) values (410,'Damian','Rosas',to_date('23-OCT-25','DD-MON-RR'),'$2a$10$7lfpAfvAf3O81hpxL/9HQ.ta.v5ua.1x9ldrhF0bWQOAO8QaGdvAe','M ','Damian','Aguilar','rosasaguilardamian@gmail.com','(123','(123','ROSAS',2,1,1);
REM INSERTING into JREYNAPROGRAMACIONNCAPAS.VERIFYTOKEN
SET DEFINE OFF;
Insert into JREYNAPROGRAMACIONNCAPAS.VERIFYTOKEN (IDVERIFY,TOKEN,IDUSER,EXPDATE) values (1,'sTU3C78nBds8CjUhKnSWyLgkoCaW7y73',407,to_timestamp('28-OCT-25 12.21.26.567268000 PM','DD-MON-RR HH.MI.SSXFF AM'));
Insert into JREYNAPROGRAMACIONNCAPAS.VERIFYTOKEN (IDVERIFY,TOKEN,IDUSER,EXPDATE) values (2,'0pz4NVJ4ckU4L6NkByzVZVocuYZe4mE9',407,to_timestamp('28-OCT-25 12.24.25.892096000 PM','DD-MON-RR HH.MI.SSXFF AM'));
Insert into JREYNAPROGRAMACIONNCAPAS.VERIFYTOKEN (IDVERIFY,TOKEN,IDUSER,EXPDATE) values (3,'zk81044X84cLRTV90zPdxB8PcWaRKWnl',407,to_timestamp('28-OCT-25 12.27.41.489302000 PM','DD-MON-RR HH.MI.SSXFF AM'));
Insert into JREYNAPROGRAMACIONNCAPAS.VERIFYTOKEN (IDVERIFY,TOKEN,IDUSER,EXPDATE) values (4,'CcWpm8ujfDnY7Bw6FQDOOUVHoGJvPUnr',407,to_timestamp('28-OCT-25 12.41.52.636182000 PM','DD-MON-RR HH.MI.SSXFF AM'));
Insert into JREYNAPROGRAMACIONNCAPAS.VERIFYTOKEN (IDVERIFY,TOKEN,IDUSER,EXPDATE) values (7,'rtBfxmxKf0lu_CXU-1f-d0zTrKw_4Wmg',407,to_timestamp('28-OCT-25 02.41.18.186445000 PM','DD-MON-RR HH.MI.SSXFF AM'));
Insert into JREYNAPROGRAMACIONNCAPAS.VERIFYTOKEN (IDVERIFY,TOKEN,IDUSER,EXPDATE) values (5,'kess_3HxbDABBEprQ0RhXkf81FMIUaOb',407,to_timestamp('28-OCT-25 02.34.39.562854000 PM','DD-MON-RR HH.MI.SSXFF AM'));
Insert into JREYNAPROGRAMACIONNCAPAS.VERIFYTOKEN (IDVERIFY,TOKEN,IDUSER,EXPDATE) values (6,'Z6XQ7UasJn_rqafJ1G1rYHNWi6-vSXqM',407,to_timestamp('28-OCT-25 02.36.08.041169000 PM','DD-MON-RR HH.MI.SSXFF AM'));
Insert into JREYNAPROGRAMACIONNCAPAS.VERIFYTOKEN (IDVERIFY,TOKEN,IDUSER,EXPDATE) values (8,'8-PIetgNKRrdZcgcQsgznU4429DUdaR-',407,to_timestamp('28-OCT-25 02.42.33.766995000 PM','DD-MON-RR HH.MI.SSXFF AM'));
Insert into JREYNAPROGRAMACIONNCAPAS.VERIFYTOKEN (IDVERIFY,TOKEN,IDUSER,EXPDATE) values (9,'HK7oZhWWuYXv8heAv1oPrlljVhQEwwPv',407,to_timestamp('28-OCT-25 02.42.39.927806000 PM','DD-MON-RR HH.MI.SSXFF AM'));
Insert into JREYNAPROGRAMACIONNCAPAS.VERIFYTOKEN (IDVERIFY,TOKEN,IDUSER,EXPDATE) values (10,'FsvsAuj1MaQkloHmxR65uaMtDBM52ru5',407,to_timestamp('28-OCT-25 02.43.48.764554000 PM','DD-MON-RR HH.MI.SSXFF AM'));
Insert into JREYNAPROGRAMACIONNCAPAS.VERIFYTOKEN (IDVERIFY,TOKEN,IDUSER,EXPDATE) values (11,'f8PZJsfALTf2M3LlESmCTScuTPwCp6-1',407,to_timestamp('28-OCT-25 02.43.54.521365000 PM','DD-MON-RR HH.MI.SSXFF AM'));
Insert into JREYNAPROGRAMACIONNCAPAS.VERIFYTOKEN (IDVERIFY,TOKEN,IDUSER,EXPDATE) values (12,'mBaz_wFtVGMx0L9Hfn90hWp2i7rLugDQ',407,to_timestamp('28-OCT-25 02.43.55.893694000 PM','DD-MON-RR HH.MI.SSXFF AM'));
Insert into JREYNAPROGRAMACIONNCAPAS.VERIFYTOKEN (IDVERIFY,TOKEN,IDUSER,EXPDATE) values (13,'yUzMwSlsjClwQu-xxdyBTQvFE-sKWU19',407,to_timestamp('28-OCT-25 02.45.06.136383000 PM','DD-MON-RR HH.MI.SSXFF AM'));
--------------------------------------------------------
--  DDL for Index SYS_C007757
--------------------------------------------------------

  CREATE UNIQUE INDEX "JREYNAPROGRAMACIONNCAPAS"."SYS_C007757" ON "JREYNAPROGRAMACIONNCAPAS"."COLONIA" ("IDCOLONIA") 
  PCTFREE 10 INITRANS 2 MAXTRANS 255 
  STORAGE(INITIAL 65536 NEXT 1048576 MINEXTENTS 1 MAXEXTENTS 2147483645
  PCTINCREASE 0 FREELISTS 1 FREELIST GROUPS 1
  BUFFER_POOL DEFAULT FLASH_CACHE DEFAULT CELL_FLASH_CACHE DEFAULT)
  TABLESPACE "USERS" ;
--------------------------------------------------------
--  DDL for Index SYS_C007763
--------------------------------------------------------

  CREATE UNIQUE INDEX "JREYNAPROGRAMACIONNCAPAS"."SYS_C007763" ON "JREYNAPROGRAMACIONNCAPAS"."DIRECCION" ("IDDIRECCION") 
  PCTFREE 10 INITRANS 2 MAXTRANS 255 
  STORAGE(INITIAL 65536 NEXT 1048576 MINEXTENTS 1 MAXEXTENTS 2147483645
  PCTINCREASE 0 FREELISTS 1 FREELIST GROUPS 1
  BUFFER_POOL DEFAULT FLASH_CACHE DEFAULT CELL_FLASH_CACHE DEFAULT)
  TABLESPACE "USERS" ;
--------------------------------------------------------
--  DDL for Index SYS_C007748
--------------------------------------------------------

  CREATE UNIQUE INDEX "JREYNAPROGRAMACIONNCAPAS"."SYS_C007748" ON "JREYNAPROGRAMACIONNCAPAS"."ESTADO" ("IDESTADO") 
  PCTFREE 10 INITRANS 2 MAXTRANS 255 
  STORAGE(INITIAL 65536 NEXT 1048576 MINEXTENTS 1 MAXEXTENTS 2147483645
  PCTINCREASE 0 FREELISTS 1 FREELIST GROUPS 1
  BUFFER_POOL DEFAULT FLASH_CACHE DEFAULT CELL_FLASH_CACHE DEFAULT)
  TABLESPACE "USERS" ;
--------------------------------------------------------
--  DDL for Index SYS_C007752
--------------------------------------------------------

  CREATE UNIQUE INDEX "JREYNAPROGRAMACIONNCAPAS"."SYS_C007752" ON "JREYNAPROGRAMACIONNCAPAS"."MUNICIPIO" ("IDMUNICIPIO") 
  PCTFREE 10 INITRANS 2 MAXTRANS 255 
  STORAGE(INITIAL 65536 NEXT 1048576 MINEXTENTS 1 MAXEXTENTS 2147483645
  PCTINCREASE 0 FREELISTS 1 FREELIST GROUPS 1
  BUFFER_POOL DEFAULT FLASH_CACHE DEFAULT CELL_FLASH_CACHE DEFAULT)
  TABLESPACE "USERS" ;
--------------------------------------------------------
--  DDL for Index SYS_C007745
--------------------------------------------------------

  CREATE UNIQUE INDEX "JREYNAPROGRAMACIONNCAPAS"."SYS_C007745" ON "JREYNAPROGRAMACIONNCAPAS"."PAIS" ("IDPAIS") 
  PCTFREE 10 INITRANS 2 MAXTRANS 255 
  STORAGE(INITIAL 65536 NEXT 1048576 MINEXTENTS 1 MAXEXTENTS 2147483645
  PCTINCREASE 0 FREELISTS 1 FREELIST GROUPS 1
  BUFFER_POOL DEFAULT FLASH_CACHE DEFAULT CELL_FLASH_CACHE DEFAULT)
  TABLESPACE "USERS" ;
--------------------------------------------------------
--  DDL for Index SYS_C007741
--------------------------------------------------------

  CREATE UNIQUE INDEX "JREYNAPROGRAMACIONNCAPAS"."SYS_C007741" ON "JREYNAPROGRAMACIONNCAPAS"."ROL" ("IDROL") 
  PCTFREE 10 INITRANS 2 MAXTRANS 255 
  STORAGE(INITIAL 65536 NEXT 1048576 MINEXTENTS 1 MAXEXTENTS 2147483645
  PCTINCREASE 0 FREELISTS 1 FREELIST GROUPS 1
  BUFFER_POOL DEFAULT FLASH_CACHE DEFAULT CELL_FLASH_CACHE DEFAULT)
  TABLESPACE "USERS" ;
--------------------------------------------------------
--  DDL for Index SYS_C007809
--------------------------------------------------------

  CREATE UNIQUE INDEX "JREYNAPROGRAMACIONNCAPAS"."SYS_C007809" ON "JREYNAPROGRAMACIONNCAPAS"."TOKEN" ("IDTOKEN") 
  PCTFREE 10 INITRANS 2 MAXTRANS 255 
  STORAGE(INITIAL 65536 NEXT 1048576 MINEXTENTS 1 MAXEXTENTS 2147483645
  PCTINCREASE 0 FREELISTS 1 FREELIST GROUPS 1
  BUFFER_POOL DEFAULT FLASH_CACHE DEFAULT CELL_FLASH_CACHE DEFAULT)
  TABLESPACE "USERS" ;
--------------------------------------------------------
--  DDL for Index SYS_C007759
--------------------------------------------------------

  CREATE UNIQUE INDEX "JREYNAPROGRAMACIONNCAPAS"."SYS_C007759" ON "JREYNAPROGRAMACIONNCAPAS"."USUARIOS" ("IDUSER") 
  PCTFREE 10 INITRANS 2 MAXTRANS 255 COMPUTE STATISTICS 
  STORAGE(INITIAL 65536 NEXT 1048576 MINEXTENTS 1 MAXEXTENTS 2147483645
  PCTINCREASE 0 FREELISTS 1 FREELIST GROUPS 1
  BUFFER_POOL DEFAULT FLASH_CACHE DEFAULT CELL_FLASH_CACHE DEFAULT)
  TABLESPACE "USERS" ;
--------------------------------------------------------
--  DDL for Index SYS_C007732
--------------------------------------------------------

  CREATE UNIQUE INDEX "JREYNAPROGRAMACIONNCAPAS"."SYS_C007732" ON "JREYNAPROGRAMACIONNCAPAS"."USUARIOS" ("USERNAME") 
  PCTFREE 10 INITRANS 2 MAXTRANS 255 COMPUTE STATISTICS 
  STORAGE(INITIAL 65536 NEXT 1048576 MINEXTENTS 1 MAXEXTENTS 2147483645
  PCTINCREASE 0 FREELISTS 1 FREELIST GROUPS 1
  BUFFER_POOL DEFAULT FLASH_CACHE DEFAULT CELL_FLASH_CACHE DEFAULT)
  TABLESPACE "USERS" ;
--------------------------------------------------------
--  DDL for Index SYS_C007735
--------------------------------------------------------

  CREATE UNIQUE INDEX "JREYNAPROGRAMACIONNCAPAS"."SYS_C007735" ON "JREYNAPROGRAMACIONNCAPAS"."USUARIOS" ("EMAIL") 
  PCTFREE 10 INITRANS 2 MAXTRANS 255 COMPUTE STATISTICS 
  STORAGE(INITIAL 65536 NEXT 1048576 MINEXTENTS 1 MAXEXTENTS 2147483645
  PCTINCREASE 0 FREELISTS 1 FREELIST GROUPS 1
  BUFFER_POOL DEFAULT FLASH_CACHE DEFAULT CELL_FLASH_CACHE DEFAULT)
  TABLESPACE "USERS" ;
--------------------------------------------------------
--  Constraints for Table COLONIA
--------------------------------------------------------

  ALTER TABLE "JREYNAPROGRAMACIONNCAPAS"."COLONIA" MODIFY ("IDCOLONIA" NOT NULL ENABLE);
  ALTER TABLE "JREYNAPROGRAMACIONNCAPAS"."COLONIA" MODIFY ("NOMBRE" NOT NULL ENABLE);
  ALTER TABLE "JREYNAPROGRAMACIONNCAPAS"."COLONIA" MODIFY ("CODIGOPOSTAL" NOT NULL ENABLE);
  ALTER TABLE "JREYNAPROGRAMACIONNCAPAS"."COLONIA" ADD PRIMARY KEY ("IDCOLONIA")
  USING INDEX PCTFREE 10 INITRANS 2 MAXTRANS 255 
  STORAGE(INITIAL 65536 NEXT 1048576 MINEXTENTS 1 MAXEXTENTS 2147483645
  PCTINCREASE 0 FREELISTS 1 FREELIST GROUPS 1
  BUFFER_POOL DEFAULT FLASH_CACHE DEFAULT CELL_FLASH_CACHE DEFAULT)
  TABLESPACE "USERS"  ENABLE;
--------------------------------------------------------
--  Constraints for Table DIRECCION
--------------------------------------------------------

  ALTER TABLE "JREYNAPROGRAMACIONNCAPAS"."DIRECCION" MODIFY ("IDDIRECCION" NOT NULL ENABLE);
  ALTER TABLE "JREYNAPROGRAMACIONNCAPAS"."DIRECCION" MODIFY ("CALLE" NOT NULL ENABLE);
  ALTER TABLE "JREYNAPROGRAMACIONNCAPAS"."DIRECCION" MODIFY ("NUMEROEXTERIOR" NOT NULL ENABLE);
  ALTER TABLE "JREYNAPROGRAMACIONNCAPAS"."DIRECCION" ADD PRIMARY KEY ("IDDIRECCION")
  USING INDEX PCTFREE 10 INITRANS 2 MAXTRANS 255 
  STORAGE(INITIAL 65536 NEXT 1048576 MINEXTENTS 1 MAXEXTENTS 2147483645
  PCTINCREASE 0 FREELISTS 1 FREELIST GROUPS 1
  BUFFER_POOL DEFAULT FLASH_CACHE DEFAULT CELL_FLASH_CACHE DEFAULT)
  TABLESPACE "USERS"  ENABLE;
--------------------------------------------------------
--  Constraints for Table ESTADO
--------------------------------------------------------

  ALTER TABLE "JREYNAPROGRAMACIONNCAPAS"."ESTADO" MODIFY ("IDESTADO" NOT NULL ENABLE);
  ALTER TABLE "JREYNAPROGRAMACIONNCAPAS"."ESTADO" MODIFY ("NOMBRE" NOT NULL ENABLE);
  ALTER TABLE "JREYNAPROGRAMACIONNCAPAS"."ESTADO" ADD PRIMARY KEY ("IDESTADO")
  USING INDEX PCTFREE 10 INITRANS 2 MAXTRANS 255 
  STORAGE(INITIAL 65536 NEXT 1048576 MINEXTENTS 1 MAXEXTENTS 2147483645
  PCTINCREASE 0 FREELISTS 1 FREELIST GROUPS 1
  BUFFER_POOL DEFAULT FLASH_CACHE DEFAULT CELL_FLASH_CACHE DEFAULT)
  TABLESPACE "USERS"  ENABLE;
--------------------------------------------------------
--  Constraints for Table MUNICIPIO
--------------------------------------------------------

  ALTER TABLE "JREYNAPROGRAMACIONNCAPAS"."MUNICIPIO" MODIFY ("IDMUNICIPIO" NOT NULL ENABLE);
  ALTER TABLE "JREYNAPROGRAMACIONNCAPAS"."MUNICIPIO" MODIFY ("NOMBRE" NOT NULL ENABLE);
  ALTER TABLE "JREYNAPROGRAMACIONNCAPAS"."MUNICIPIO" ADD PRIMARY KEY ("IDMUNICIPIO")
  USING INDEX PCTFREE 10 INITRANS 2 MAXTRANS 255 
  STORAGE(INITIAL 65536 NEXT 1048576 MINEXTENTS 1 MAXEXTENTS 2147483645
  PCTINCREASE 0 FREELISTS 1 FREELIST GROUPS 1
  BUFFER_POOL DEFAULT FLASH_CACHE DEFAULT CELL_FLASH_CACHE DEFAULT)
  TABLESPACE "USERS"  ENABLE;
--------------------------------------------------------
--  Constraints for Table PAIS
--------------------------------------------------------

  ALTER TABLE "JREYNAPROGRAMACIONNCAPAS"."PAIS" MODIFY ("IDPAIS" NOT NULL ENABLE);
  ALTER TABLE "JREYNAPROGRAMACIONNCAPAS"."PAIS" MODIFY ("NOMBRE" NOT NULL ENABLE);
  ALTER TABLE "JREYNAPROGRAMACIONNCAPAS"."PAIS" ADD PRIMARY KEY ("IDPAIS")
  USING INDEX PCTFREE 10 INITRANS 2 MAXTRANS 255 
  STORAGE(INITIAL 65536 NEXT 1048576 MINEXTENTS 1 MAXEXTENTS 2147483645
  PCTINCREASE 0 FREELISTS 1 FREELIST GROUPS 1
  BUFFER_POOL DEFAULT FLASH_CACHE DEFAULT CELL_FLASH_CACHE DEFAULT)
  TABLESPACE "USERS"  ENABLE;
--------------------------------------------------------
--  Constraints for Table ROL
--------------------------------------------------------

  ALTER TABLE "JREYNAPROGRAMACIONNCAPAS"."ROL" MODIFY ("IDROL" NOT NULL ENABLE);
  ALTER TABLE "JREYNAPROGRAMACIONNCAPAS"."ROL" ADD PRIMARY KEY ("IDROL")
  USING INDEX PCTFREE 10 INITRANS 2 MAXTRANS 255 
  STORAGE(INITIAL 65536 NEXT 1048576 MINEXTENTS 1 MAXEXTENTS 2147483645
  PCTINCREASE 0 FREELISTS 1 FREELIST GROUPS 1
  BUFFER_POOL DEFAULT FLASH_CACHE DEFAULT CELL_FLASH_CACHE DEFAULT)
  TABLESPACE "USERS"  ENABLE;
--------------------------------------------------------
--  Constraints for Table TOKEN
--------------------------------------------------------

  ALTER TABLE "JREYNAPROGRAMACIONNCAPAS"."TOKEN" MODIFY ("IDTOKEN" NOT NULL ENABLE);
  ALTER TABLE "JREYNAPROGRAMACIONNCAPAS"."TOKEN" ADD PRIMARY KEY ("IDTOKEN")
  USING INDEX PCTFREE 10 INITRANS 2 MAXTRANS 255 
  STORAGE(INITIAL 65536 NEXT 1048576 MINEXTENTS 1 MAXEXTENTS 2147483645
  PCTINCREASE 0 FREELISTS 1 FREELIST GROUPS 1
  BUFFER_POOL DEFAULT FLASH_CACHE DEFAULT CELL_FLASH_CACHE DEFAULT)
  TABLESPACE "USERS"  ENABLE;
--------------------------------------------------------
--  Constraints for Table USUARIOS
--------------------------------------------------------

  ALTER TABLE "JREYNAPROGRAMACIONNCAPAS"."USUARIOS" MODIFY ("IDUSER" NOT NULL ENABLE);
  ALTER TABLE "JREYNAPROGRAMACIONNCAPAS"."USUARIOS" ADD UNIQUE ("USERNAME")
  USING INDEX PCTFREE 10 INITRANS 2 MAXTRANS 255 COMPUTE STATISTICS 
  STORAGE(INITIAL 65536 NEXT 1048576 MINEXTENTS 1 MAXEXTENTS 2147483645
  PCTINCREASE 0 FREELISTS 1 FREELIST GROUPS 1
  BUFFER_POOL DEFAULT FLASH_CACHE DEFAULT CELL_FLASH_CACHE DEFAULT)
  TABLESPACE "USERS"  ENABLE;
  ALTER TABLE "JREYNAPROGRAMACIONNCAPAS"."USUARIOS" MODIFY ("USERNAME" NOT NULL ENABLE);
  ALTER TABLE "JREYNAPROGRAMACIONNCAPAS"."USUARIOS" MODIFY ("EMAIL" NOT NULL ENABLE);
  ALTER TABLE "JREYNAPROGRAMACIONNCAPAS"."USUARIOS" ADD UNIQUE ("EMAIL")
  USING INDEX PCTFREE 10 INITRANS 2 MAXTRANS 255 COMPUTE STATISTICS 
  STORAGE(INITIAL 65536 NEXT 1048576 MINEXTENTS 1 MAXEXTENTS 2147483645
  PCTINCREASE 0 FREELISTS 1 FREELIST GROUPS 1
  BUFFER_POOL DEFAULT FLASH_CACHE DEFAULT CELL_FLASH_CACHE DEFAULT)
  TABLESPACE "USERS"  ENABLE;
  ALTER TABLE "JREYNAPROGRAMACIONNCAPAS"."USUARIOS" MODIFY ("FECHANACIMIENTO" NOT NULL ENABLE);
  ALTER TABLE "JREYNAPROGRAMACIONNCAPAS"."USUARIOS" MODIFY ("SEXO" NOT NULL ENABLE);
  ALTER TABLE "JREYNAPROGRAMACIONNCAPAS"."USUARIOS" MODIFY ("APELLIDOPATERNO" NOT NULL ENABLE);
  ALTER TABLE "JREYNAPROGRAMACIONNCAPAS"."USUARIOS" MODIFY ("TELEFONO" NOT NULL ENABLE);
  ALTER TABLE "JREYNAPROGRAMACIONNCAPAS"."USUARIOS" ADD PRIMARY KEY ("IDUSER")
  USING INDEX PCTFREE 10 INITRANS 2 MAXTRANS 255 COMPUTE STATISTICS 
  STORAGE(INITIAL 65536 NEXT 1048576 MINEXTENTS 1 MAXEXTENTS 2147483645
  PCTINCREASE 0 FREELISTS 1 FREELIST GROUPS 1
  BUFFER_POOL DEFAULT FLASH_CACHE DEFAULT CELL_FLASH_CACHE DEFAULT)
  TABLESPACE "USERS"  ENABLE;
  ALTER TABLE "JREYNAPROGRAMACIONNCAPAS"."USUARIOS" MODIFY ("ESTATUS" NOT NULL ENABLE);
--------------------------------------------------------
--  Constraints for Table VERIFYTOKEN
--------------------------------------------------------

  ALTER TABLE "JREYNAPROGRAMACIONNCAPAS"."VERIFYTOKEN" MODIFY ("IDVERIFY" NOT NULL ENABLE);
  ALTER TABLE "JREYNAPROGRAMACIONNCAPAS"."VERIFYTOKEN" MODIFY ("TOKEN" NOT NULL ENABLE);
--------------------------------------------------------
--  Ref Constraints for Table COLONIA
--------------------------------------------------------

  ALTER TABLE "JREYNAPROGRAMACIONNCAPAS"."COLONIA" ADD FOREIGN KEY ("IDMUNICIPIO")
	  REFERENCES "JREYNAPROGRAMACIONNCAPAS"."MUNICIPIO" ("IDMUNICIPIO") ENABLE;
--------------------------------------------------------
--  Ref Constraints for Table DIRECCION
--------------------------------------------------------

  ALTER TABLE "JREYNAPROGRAMACIONNCAPAS"."DIRECCION" ADD FOREIGN KEY ("IDCOLONIA")
	  REFERENCES "JREYNAPROGRAMACIONNCAPAS"."COLONIA" ("IDCOLONIA") ENABLE;
  ALTER TABLE "JREYNAPROGRAMACIONNCAPAS"."DIRECCION" ADD FOREIGN KEY ("IDUSUARIO")
	  REFERENCES "JREYNAPROGRAMACIONNCAPAS"."USUARIOS" ("IDUSER") ENABLE;
--------------------------------------------------------
--  Ref Constraints for Table ESTADO
--------------------------------------------------------

  ALTER TABLE "JREYNAPROGRAMACIONNCAPAS"."ESTADO" ADD FOREIGN KEY ("IDPAIS")
	  REFERENCES "JREYNAPROGRAMACIONNCAPAS"."PAIS" ("IDPAIS") ENABLE;
--------------------------------------------------------
--  Ref Constraints for Table MUNICIPIO
--------------------------------------------------------

  ALTER TABLE "JREYNAPROGRAMACIONNCAPAS"."MUNICIPIO" ADD FOREIGN KEY ("IDESTADO")
	  REFERENCES "JREYNAPROGRAMACIONNCAPAS"."ESTADO" ("IDESTADO") ENABLE;
--------------------------------------------------------
--  Ref Constraints for Table USUARIOS
--------------------------------------------------------

  ALTER TABLE "JREYNAPROGRAMACIONNCAPAS"."USUARIOS" ADD FOREIGN KEY ("IDROL")
	  REFERENCES "JREYNAPROGRAMACIONNCAPAS"."ROL" ("IDROL") ENABLE;
